Workbook

Sheet Tissue to Blood
A1: Study | B1: Maestri et. al. 2006 | D1: Nielsen et al. 2024 | H1: Karakoitzidis et al. 2025
A2: Species | B2: Human | C2: Human | D2: Human | H2: Human
A3: PFAS | B3: PFOA | C3: PFOS | D3: PFHxS | E3: PFOS | F3: PFOA | G3: PFNA | H3: PFOA
A4: Adipose tissue | B4: 0.467 | C4: 0.333 | H4: 0.47
A5: Basal ganglia | B5: 0.1 | C5: 0.235
A6: Blood
A7: Brain | B7: 0.167 | C7: 0.255 | D7: 0.392*** | E7: 0.22476447 | F7: 0.12230216 | G7: 0.16964286 | H7: 0.16
A8: GI tract | H8: 0.5
A9: Gonads | B9: 0.633 | C9: 0.667 | H9: 0.63
A10: Heart | H10: 0.11
A11: Hypophysis | B11: 0.667 | C11: 1.49
A12: Kidney | B12: 1.167 | C12: 1.255 | D12: 3.2287582 | E12: 7.7230216 | F12: 1.1654676 | G12: 1.3125 | H12: 1.16
A13: Liver | B13: 1.033 | C13: 2.667 | D13: 0.48366013 | E13: 4.2240915 | F13: 1.1654676 | G13: 3
A14: Lung | B14: 1.267 | C14: 1.549 | D14: 1.0980392 | E14: 2.0397039 | F14: 1.1402878 | G14: 1.5267857
A15: Pancreas | B15: 0.433 | C15: 0.686 | H15: 0.43
A16: Skeletal muscle | B16: 0.2 | C16: 0.196 | H16: 0.2
A17: Skin | B17: - | C17: - | H17: 0.1
A18: Spleen | H18: 0.93
A19: Thyroid | B19: 0.767 | C19: 0.608
A20: Rest of Body | H20: 0.2
D21: *** estimated LOD 0.06 ng/g brain concentration

Sheet Sheet1
A1: Study | B1: Loccisano et al. 2011 | C1: Loccisano et al. 2012 | D1: Fabrega et al. 2013 | H1: Fabrega et al. 2016 | J1: Kim et al. 2019 | L1: Kim et al.2018 | M1: Chou et al. 2019 | Q1: Chou et al. 2023 | T1: Pachoulide et al. 2023 | U1: Yeung et al. 2013 | AA1: Baumert et al. 2023 | AM1: Suzuki et al.2025
A2: Species | B2: Rat fit to Human and Monkey | C2: Rat fit to Human and Monkey | D2: Rat | E2: Human | F2: Rat | G2: Human | H2: Human | I2: Human | J2: Male Rat fit to Human | K2: Male Rat fit to Human | L2: Male Rat fit to Human | M2: Mouse | N2: Rat | O2: Monkey | P2: Human | Q2: Beef/ Dairy Cattle | T2: Human | U2: Human | V2: Human | W2: Human | X2: Human | Y2: Human | Z2: Human | AA2: Adolescent human 74% female 42% Non alcholic fatty liver disease | AM2: Human | AO2: Human | AQ2: Human | AS2: Human
A3: PFAS | B3: PFOA | C3: PFOS | D3: PFOA | E3: PFOA | F3: PFOS | G3: PFOS | H3: PFOS | I3: PFOA | J3: PFNA | K3: PFDA | L3: PFHxS | M3: PFOS | N3: PFOS | O3: PFOS | P3: PFOS | Q3: PFOA | R3: PFOS | S3: PFHxS | T3: PFOA | U3: PFOS | V3: PFHxS | W3: PFDA | X3: PFNA | Y3: PFOA | Z3: PFHpA | AA3: PFHpA (measured-predicted) | AC3: PFOA (measured-predicted) | AE3: PFNA (measured-predicted) | AG3: PFDA (measured-predicted) | AI3: PFHxS (measured-predicted) | AK3: PFOS (measured-predicted) | AM3: PFNA (mean-range) | AO3: PFDA (mean-range) | AQ3: PFHxS (mean-range) | AS3: PFOS (mean-range)
A4: Adipose tissue | B4: ='Tissue to Plasma'!B4/(1-0.467) -> 0.075046904 | C4: ='Tissue to Plasma'!C4/(1-0.467) -> 0.26266417 | D4: ='Tissue to Plasma'!D4/(1-0.467) -> 0.075046904 | E4: ='Tissue to Plasma'!E4/(1-0.467) -> 0.88180113 | F4: ='Tissue to Plasma'!F4/(1-0.467) -> 0.26266417 | G4: ='Tissue to Plasma'!G4/(1-0.467) -> 0.61913696 | H4: ='Tissue to Plasma'!H4/(1-0.467) -> 0.061913696 | I4: ='Tissue to Plasma'!I4/(1-0.467) -> 0.87617261 | ... AT4: ='Tissue to Plasma'!AT4/(1-0.467) -> 0
A5: Basal ganglia | B5: ='Tissue to Plasma'!B5/(1-0.467) -> 0 | C5: ='Tissue to Plasma'!C5/(1-0.467) -> 0 | D5: ='Tissue to Plasma'!D5/(1-0.467) -> 0 | E5: ='Tissue to Plasma'!E5/(1-0.467) -> 0 | F5: ='Tissue to Plasma'!F5/(1-0.467) -> 0 | G5: ='Tissue to Plasma'!G5/(1-0.467) -> 0 | H5: ='Tissue to Plasma'!H5/(1-0.467) -> 0 | I5: ='Tissue to Plasma'!I5/(1-0.467) -> 0 | ... AT5: ='Tissue to Plasma'!AT5/(1-0.467) -> 0
A6: Blood | B6: ='Tissue to Plasma'!B6/(1-0.467) -> 0 | C6: ='Tissue to Plasma'!C6/(1-0.467) -> 0 | D6: ='Tissue to Plasma'!D6/(1-0.467) -> 0 | E6: ='Tissue to Plasma'!E6/(1-0.467) -> 0 | F6: ='Tissue to Plasma'!F6/(1-0.467) -> 0 | G6: ='Tissue to Plasma'!G6/(1-0.467) -> 0 | H6: ='Tissue to Plasma'!H6/(1-0.467) -> 0 | I6: ='Tissue to Plasma'!I6/(1-0.467) -> 0 | ... AT6: ='Tissue to Plasma'!AT6/(1-0.467) -> 0
A7: Brain | B7: ='Tissue to Plasma'!B7/(1-0.467) -> 0 | C7: ='Tissue to Plasma'!C7/(1-0.467) -> 0 | D7: ='Tissue to Plasma'!D7/(1-0.467) -> 0.31894934 | E7: ='Tissue to Plasma'!E7/(1-0.467) -> 0.018761726 | F7: ='Tissue to Plasma'!F7/(1-0.467) -> 0.26266417 | G7: ='Tissue to Plasma'!G7/(1-0.467) -> 0.61913696 | H7: ='Tissue to Plasma'!H7/(1-0.467) -> 0.47842402 | I7: ='Tissue to Plasma'!I7/(1-0.467) -> 0.31894934 | ... AT7: ='Tissue to Plasma'!AT7/(1-0.467) -> #VALUE!
A8: GI tract | B8: ='Tissue to Plasma'!B8/(1-0.467) -> 0.09380863 | C8: ='Tissue to Plasma'!C8/(1-0.467) -> 1.0694184 | D8: ='Tissue to Plasma'!D8/(1-0.467) -> 0 | E8: ='Tissue to Plasma'!E8/(1-0.467) -> 0 | F8: ='Tissue to Plasma'!F8/(1-0.467) -> 0 | G8: ='Tissue to Plasma'!G8/(1-0.467) -> 0 | H8: ='Tissue to Plasma'!H8/(1-0.467) -> 1.0694184 | I8: ='Tissue to Plasma'!I8/(1-0.467) -> 0.09380863 | ... AT8: ='Tissue to Plasma'!AT8/(1-0.467) -> 0
A9: Gonads | B9: ='Tissue to Plasma'!B9/(1-0.467) -> 0 | C9: ='Tissue to Plasma'!C9/(1-0.467) -> 0 | D9: ='Tissue to Plasma'!D9/(1-0.467) -> 0 | E9: ='Tissue to Plasma'!E9/(1-0.467) -> 0 | F9: ='Tissue to Plasma'!F9/(1-0.467) -> 0 | G9: ='Tissue to Plasma'!G9/(1-0.467) -> 0 | H9: ='Tissue to Plasma'!H9/(1-0.467) -> 0 | I9: ='Tissue to Plasma'!I9/(1-0.467) -> 0 | ... AT9: ='Tissue to Plasma'!AT9/(1-0.467) -> 0
A10: Heart | B10: ='Tissue to Plasma'!B10/(1-0.467) -> 0 | C10: ='Tissue to Plasma'!C10/(1-0.467) -> 0 | D10: ='Tissue to Plasma'!D10/(1-0.467) -> 0 | E10: ='Tissue to Plasma'!E10/(1-0.467) -> 0 | F10: ='Tissue to Plasma'!F10/(1-0.467) -> 0 | G10: ='Tissue to Plasma'!G10/(1-0.467) -> 0 | H10: ='Tissue to Plasma'!H10/(1-0.467) -> 0 | I10: ='Tissue to Plasma'!I10/(1-0.467) -> 0 | ... AT10: ='Tissue to Plasma'!AT10/(1-0.467) -> 0
A11: Hypophysis | B11: ='Tissue to Plasma'!B11/(1-0.467) -> 0 | C11: ='Tissue to Plasma'!C11/(1-0.467) -> 0 | D11: ='Tissue to Plasma'!D11/(1-0.467) -> 0 | E11: ='Tissue to Plasma'!E11/(1-0.467) -> 0 | F11: ='Tissue to Plasma'!F11/(1-0.467) -> 0 | G11: ='Tissue to Plasma'!G11/(1-0.467) -> 0 | H11: ='Tissue to Plasma'!H11/(1-0.467) -> 0 | I11: ='Tissue to Plasma'!I11/(1-0.467) -> 0 | ... AT11: ='Tissue to Plasma'!AT11/(1-0.467) -> 0
A12: Kidney | B12: ='Tissue to Plasma'!B12/(1-0.467) -> 1.9699812 | C12: ='Tissue to Plasma'!C12/(1-0.467) -> 1.5009381 | D12: ='Tissue to Plasma'!D12/(1-0.467) -> 1.9699812 | E12: ='Tissue to Plasma'!E12/(1-0.467) -> 2.195122 | F12: ='Tissue to Plasma'!F12/(1-0.467) -> 1.5009381 | G12: ='Tissue to Plasma'!G12/(1-0.467) -> 2.3639775 | H12: ='Tissue to Plasma'!H12/(1-0.467) -> 2.3639775 | I12: ='Tissue to Plasma'!I12/(1-0.467) -> 2.195122 | ... AT12: ='Tissue to Plasma'!AT12/(1-0.467) -> 0
A13: Liver | B13: ='Tissue to Plasma'!B13/(1-0.467) -> 4.1275797 | C13: ='Tissue to Plasma'!C13/(1-0.467) -> 6.9793621 | D13: ='Tissue to Plasma'!D13/(1-0.467) -> 4.1275797 | E13: ='Tissue to Plasma'!E13/(1-0.467) -> 1.9324578 | F13: ='Tissue to Plasma'!F13/(1-0.467) -> 6.9793621 | G13: ='Tissue to Plasma'!G13/(1-0.467) -> 5.0093809 | H13: ='Tissue to Plasma'!H13/(1-0.467) -> 5.0093809 | I13: ='Tissue to Plasma'!I13/(1-0.467) -> 1.9324578 | ... AT13: ='Tissue to Plasma'!AT13/(1-0.467) -> 0
A14: Lung | B14: ='Tissue to Plasma'!B14/(1-0.467) -> 0 | C14: ='Tissue to Plasma'!C14/(1-0.467) -> 0 | D14: ='Tissue to Plasma'!D14/(1-0.467) -> 0.28142589 | E14: ='Tissue to Plasma'!E14/(1-0.467) -> 2.3827392 | F14: ='Tissue to Plasma'!F14/(1-0.467) -> 0.28142589 | G14: ='Tissue to Plasma'!G14/(1-0.467) -> 0.28142589 | H14: ='Tissue to Plasma'!H14/(1-0.467) -> 0.29080675 | I14: ='Tissue to Plasma'!I14/(1-0.467) -> 0 | ... AT14: ='Tissue to Plasma'!AT14/(1-0.467) -> 0
A15: Pancreas | B15: ='Tissue to Plasma'!B15/(1-0.467) -> 0 | C15: ='Tissue to Plasma'!C15/(1-0.467) -> 0 | D15: ='Tissue to Plasma'!D15/(1-0.467) -> 0 | E15: ='Tissue to Plasma'!E15/(1-0.467) -> 0 | F15: ='Tissue to Plasma'!F15/(1-0.467) -> 0 | G15: ='Tissue to Plasma'!G15/(1-0.467) -> 0 | H15: ='Tissue to Plasma'!H15/(1-0.467) -> 0 | I15: ='Tissue to Plasma'!I15/(1-0.467) -> 0 | ... AT15: ='Tissue to Plasma'!AT15/(1-0.467) -> 0
... A20: Rest of Body | B20: ='Tissue to Plasma'!B20/(1-0.467) -> 0.22514071 | C20: ='Tissue to Plasma'!C20/(1-0.467) -> 0.37523452 | D20: ='Tissue to Plasma'!D20/(1-0.467) -> 0 | E20: ='Tissue to Plasma'!E20/(1-0.467) -> 0 | F20: ='Tissue to Plasma'!F20/(1-0.467) -> 0 | G20: ='Tissue to Plasma'!G20/(1-0.467) -> 0 | H20: ='Tissue to Plasma'!H20/(1-0.467) -> 0 | I20: ='Tissue to Plasma'!I20/(1-0.467) -> 0 | ... AT20: ='Tissue to Plasma'!AT20/(1-0.467) -> 0

Sheet Tissue to Plasma
A1: Study | B1: Loccisano et al. 2011 | C1: Loccisano et al. 2012 | D1: Fabrega et al. 2013 | H1: Fabrega et al. 2016 | J1: Kim et al. 2019 | L1: Kim et al.2018 | M1: Chou et al. 2019 | Q1: Chou et al. 2023 | T1: Pachoulide et al. 2023 | U1: Yeung et al. 2013 | AA1: Baumert et al. 2023 | AM1: Suzuki et al.2025
A2: Species | B2: Rat fit to Human and Monkey | C2: Rat fit to Human and Monkey | D2: Rat | E2: Human | F2: Rat | G2: Human | H2: Human | I2: Human | J2: Male Rat fit to Human | K2: Male Rat fit to Human | L2: Male Rat fit to Human | M2: Mouse | N2: Rat | O2: Monkey | P2: Human | Q2: Beef/ Dairy Cattle | T2: Human | U2: Human | V2: Human | W2: Human | X2: Human | Y2: Human | Z2: Human | AA2: Adolescent human 74% female 42% Non alcholic fatty liver disease | AM2: Human | AO2: Human | AQ2: Human | AS2: Human
A3: PFAS | B3: PFOA | C3: PFOS | D3: PFOA | E3: PFOA | F3: PFOS | G3: PFOS | H3: PFOS | I3: PFOA | J3: PFNA | K3: PFDA | L3: PFHxS | M3: PFOS | N3: PFOS | O3: PFOS | P3: PFOS | Q3: PFOA | R3: PFOS | S3: PFHxS | T3: PFOA | U3: PFOS | V3: PFHxS | W3: PFDA | X3: PFNA | Y3: PFOA | Z3: PFHpA | AA3: PFHpA (measured-predicted) | AC3: PFOA (measured-predicted) | AE3: PFNA (measured-predicted) | AG3: PFDA (measured-predicted) | AI3: PFHxS (measured-predicted) | AK3: PFOS (measured-predicted) | AM3: PFNA (mean-range) | AO3: PFDA (mean-range) | AQ3: PFHxS (mean-range) | AS3: PFOS (mean-range)
A4: Adipose tissue | B4: 0.04 | C4: 0.14 | D4: 0.04 | E4: 0.47 | F4: 0.14 | G4: 0.33 | H4: 0.033 | I4: 0.467 | J4: 0.007671499 | K4: 0.024193548 | L4: 0.037428089 | T4: 0.005319149
A5: Basal ganglia
A6: Blood
A7: Brain | D7: 0.17 | E7: 0.01 | F7: 0.14 | G7: 0.33 | H7: 0.255 | I7: 0.17 | J7: 0.006522111 | K7: 0.013824885 | L7: 0.004482749 | AM7: 0.12 | AN7: (0.03-0.38) | AO7: 0.27 | AP7: (0.06-1.4) | AQ7: 0.04 | AR7: (0.05-0.11) | AS7: 0.1 | AT7: (0.06-0.18)
A8: GI tract | B8: 0.05 | C8: 0.57 | H8: 0.57 | I8: 0.05 | J8: 0.008024335 | K8: 0.010368664 | L8: 0.02908751 | T8: 0.014492754
A9: Gonads
A10: Heart | J10: 0.020154392 | K10: 0.041474654 | L10: 0.031503137
A11: Hypophysis
A12: Kidney | B12: 1.05 | C12: 0.8 | D12: 1.05 | E12: 1.17 | F12: 0.8 | G12: 1.26 | H12: 1.26 | I12: 1.17 | J12: 0.12684971 | K12: 0.16935484 | L12: 0.064932473 | M12: 0.8 | N12: 0.8 | O12: 0.8 | P12: 1.26 | Q12: 0.48 | R12: 0.48 | S12: 0.27 | T12: 0.005847953
A13: Liver | B13: 2.2 | C13: 3.72 | D13: 2.2 | E13: 1.03 | F13: 3.72 | G13: 2.67 | H13: 2.67 | I13: 1.03 | J13: 1.1865431 | K13: 0.73963134 | L13: 0.12705806 | M13: 7.65* | N13: 3.66* | O13: 3.72 | P13: 2.03* | Q13: 1.03 | R13: 1.03 | S13: 0.21 | T13: 0.006944444 | U13: 0.61556604 | V13: 0.07 | W13: 1.2526882 | X13: 0.37 | Y13: 0.26 | Z13: 1.4285714 | AA13: 6.8 | AB13: 0.09 | AC13: 0.26 | AD13: 0.26 | AE13: 1.37 | AF13: 0.63 | AG13: 1.83 | AH13: 1.53 | AI13: 0.12 | AJ13: 0.23 | AK13: 1.52 | AL13: 1.53
A14: Lung | D14: 0.15 | E14: 1.27 | F14: 0.15 | G14: 0.15 | H14: 0.155 | J14: 0.033663716 | K14: 0.08640553 | L14: 0.067541553
A15: Pancreas
A16: Skeletal muscle | J16: 0.007329356 | K16: 0.010368664 | L16: 0.014851324 | Q16: 0.08 | R16: 0.047 | S16: 0.062
A17: Skin | B17: 0.1 | C17: 0.29
A18: Spleen | J18: 0.008361132 | K18: 0.048387097 | L18: 0.028797331
A19: Thyroid
A20: Rest of Body | B20: 0.12 | C20: 0.2 | J20: ** | K20: ** | M20: 0.23* | N20: 0.26* | O20: 0.15* | P20: 0.2 | Q20: 0.089 | R20: 0.13 | S20: 0.1 | T20: 0.011764706
J21: ** lumpes together organs | M21: * Calibrated values were fitted
